,filename,face_recognized,face_location_0,face_location_1,face_location_2,face_location_3
0,20210724_100218.jpg,False,0,0,0,0
1,20210724_104730.jpg,False,0,0,0,0
2,20210724_104736.jpg,False,0,0,0,0
3,20210724_104739.jpg,False,0,0,0,0
4,20210724_104743.jpg,False,0,0,0,0
5,20210724_104757.jpg,False,0,0,0,0
6,20210724_200143.jpg,True,511,2853,1469,1895
7,20210724_200145.jpg,True,405,2960,1363,2001
8,20210724_200231_02.jpg,True,869,2999,1668,2200
9,20210724_200231_03.jpg,True,781,2022,1579,1224
10,20210724_200231_05.jpg,True,426,2466,1224,1668
11,20210724_200231_06.jpg,False,0,0,0,0
12,20210724_200231_08.jpg,True,781,2910,1579,2111
13,20210724_200231_09.jpg,True,426,2999,1224,2200
14,20210724_200231_10.jpg,True,405,2534,1363,1575
15,20210724_200231_13.jpg,True,1831,2515,2216,2130
16,20210724_200333.jpg,False,0,0,0,0
17,20210725_113303.jpg,True,1380,2530,2530,1380
18,20210725_113424.jpg,False,0,0,0,0
19,20210725_121959.jpg,False,0,0,0,0
20,20210725_122039.jpg,False,0,0,0,0
21,20210725_122040.jpg,False,0,0,0,0
22,20210725_122046.jpg,False,0,0,0,0
23,20210725_122049.jpg,False,0,0,0,0
24,20210725_122129.jpg,False,0,0,0,0
25,20210725_122334.jpg,False,0,0,0,0
26,20210725_122514.jpg,False,0,0,0,0
27,20210725_122517.jpg,False,0,0,0,0
28,20210725_122523.jpg,False,0,0,0,0
29,20210725_122526.jpg,False,0,0,0,0
30,20210725_122730.jpg,False,0,0,0,0
31,20210725_122734.jpg,False,0,0,0,0
32,20210725_125316.jpg,True,358,1380,1508,230
33,20210725_132339.jpg,False,0,0,0,0
34,20210725_132348.jpg,False,0,0,0,0
35,20210725_132352.jpg,False,0,0,0,0
36,20210725_132402.jpg,False,0,0,0,0
37,20210725_132423.jpg,False,0,0,0,0
38,20210725_174439.jpg,False,0,0,0,0
39,20210725_174449.jpg,False,0,0,0,0
40,20210725_174454.jpg,False,0,0,0,0
41,20210725_174458.jpg,False,0,0,0,0
42,20210725_174500.jpg,False,0,0,0,0
43,20210725_181116.jpg,False,0,0,0,0
44,20210725_181121.jpg,True,5506,1405,5542,1369
45,20210725_181125.jpg,True,4910,849,4946,813
46,20210725_181130.jpg,False,0,0,0,0
47,20210725_181229.jpg,False,0,0,0,0
48,20210725_181231.jpg,False,0,0,0,0
49,20210725_181242.jpg,False,0,0,0,0
50,20210731_112801.jpg,False,0,0,0,0
51,20210731_112822.jpg,False,0,0,0,0
52,20210731_112824.jpg,False,0,0,0,0
53,20210731_112901.jpg,False,0,0,0,0
54,20210731_112904.jpg,False,0,0,0,0
55,20210731_112907.jpg,False,0,0,0,0
56,20210731_112909.jpg,False,0,0,0,0
57,20210731_112913.jpg,False,0,0,0,0
58,20210731_113712.jpg,False,0,0,0,0
59,20210731_113718.jpg,False,0,0,0,0
60,20210731_113723.jpg,False,0,0,0,0
61,20210731_113725.jpg,False,0,0,0,0
62,20210731_113737.jpg,False,0,0,0,0
63,20210731_113749.jpg,False,0,0,0,0
64,20210731_113756.jpg,False,0,0,0,0
65,20210731_113759.jpg,False,0,0,0,0
66,20210731_113803.jpg,False,0,0,0,0
67,20210731_113815.jpg,False,0,0,0,0
68,20210731_113820.jpg,False,0,0,0,0
69,20210731_113957.jpg,False,0,0,0,0
70,20210731_113959.jpg,False,0,0,0,0
71,20210731_114000.jpg,False,0,0,0,0
72,20210731_114001.jpg,False,0,0,0,0
73,20210731_1140010.jpg,False,0,0,0,0
74,20210731_114031.jpg,False,0,0,0,0
75,20210731_1140310.jpg,False,0,0,0,0
76,20210731_114032.jpg,False,0,0,0,0
77,20210731_114035.jpg,False,0,0,0,0
78,20210731_114502.jpg,False,0,0,0,0
79,20210731_121700.jpg,False,0,0,0,0
80,20210731_121721.jpg,False,0,0,0,0
81,20210731_121731.jpg,False,0,0,0,0
82,20210731_121740.jpg,False,0,0,0,0
83,20210731_121940.jpg,False,0,0,0,0
84,20210731_121948.jpg,False,0,0,0,0
85,20210731_122014.jpg,False,0,0,0,0
86,20210731_122340.jpg,False,0,0,0,0
87,20210731_122359.jpg,False,0,0,0,0
88,20210731_122525.jpg,False,0,0,0,0
89,20210731_122533.jpg,False,0,0,0,0
90,20210731_122559.jpg,False,0,0,0,0
91,20210731_122610.jpg,False,0,0,0,0
92,20210731_143015.jpg,False,0,0,0,0
93,20210731_143021.jpg,False,0,0,0,0
94,20210731_145101.jpg,False,0,0,0,0
95,20210731_145106.jpg,False,0,0,0,0
96,20210731_145109.jpg,False,0,0,0,0
97,20210731_145137.jpg,False,0,0,0,0
98,20210731_145146.jpg,False,0,0,0,0
99,20210731_145155.jpg,False,0,0,0,0
100,20210731_145158.jpg,False,0,0,0,0
101,20210731_145211.jpg,False,0,0,0,0
102,20210731_145212.jpg,False,0,0,0,0
103,20210731_145213.jpg,False,0,0,0,0
104,20210731_145237.jpg,False,0,0,0,0
105,20210731_145240.jpg,False,0,0,0,0
106,20210731_145318.jpg,False,0,0,0,0
107,20210731_145328.jpg,False,0,0,0,0
108,20210731_145333.jpg,False,0,0,0,0
109,20210731_145355.jpg,False,0,0,0,0
110,20210731_145359.jpg,False,0,0,0,0
111,20210731_145411.jpg,False,0,0,0,0
112,20210731_145518.jpg,False,0,0,0,0
113,20210731_145528.jpg,False,0,0,0,0
114,20210731_145554.jpg,False,0,0,0,0
115,20210731_145557.jpg,False,0,0,0,0
116,20210731_145559.jpg,False,0,0,0,0
117,20210731_145608.jpg,False,0,0,0,0
118,20210731_145611.jpg,False,0,0,0,0
119,20210731_151338.jpg,False,0,0,0,0
120,20210731_151435.jpg,False,0,0,0,0
121,20210731_151440.jpg,False,0,0,0,0
122,20210731_151446.jpg,False,0,0,0,0
123,20210731_151459.jpg,False,0,0,0,0
124,20210731_151505.jpg,False,0,0,0,0
125,20210731_151507.jpg,False,0,0,0,0
126,20210731_151704.jpg,False,0,0,0,0
127,20210731_151709.jpg,False,0,0,0,0
128,20210731_151719.jpg,False,0,0,0,0
129,20210731_151729.jpg,False,0,0,0,0
130,20210731_152743.jpg,True,1845,1490,2644,691
131,20210731_152805.jpg,True,2467,1756,3265,958
132,20210731_152814.jpg,True,2467,1579,3265,780
133,20210731_170108.jpg,False,0,0,0,0
134,20210731_170114.jpg,False,0,0,0,0
135,20210802_165344.jpg,False,0,0,0,0
136,20210806_195740.jpg,False,0,0,0,0
137,20210806_195745.jpg,False,0,0,0,0
138,20210806_195749.jpg,False,0,0,0,0
139,20210806_195753.jpg,False,0,0,0,0
140,20210807_131811.jpg,False,0,0,0,0
141,20210807_131816.jpg,False,0,0,0,0
142,20210807_131826.jpg,False,0,0,0,0
143,20210807_131837.jpg,False,0,0,0,0
144,20210807_131851.jpg,False,0,0,0,0
145,20210807_131857.jpg,False,0,0,0,0
146,20210807_154014.jpg,False,0,0,0,0
147,20210813_214824.jpg,False,0,0,0,0
148,20210815_144050.jpg,False,0,0,0,0
149,20210815_144053.jpg,True,426,2732,1224,1934
150,20210815_144056.jpg,False,0,0,0,0
151,20210817_191018.jpg,False,0,0,0,0
152,20210817_191020.jpg,False,0,0,0,0
153,20210817_191028.jpg,False,0,0,0,0
154,20210817_191031.jpg,False,0,0,0,0
155,20210821_125332.jpg,False,0,0,0,0
156,20210821_125346.jpg,False,0,0,0,0
157,20210821_125520.jpg,False,0,0,0,0
158,20210822_134037.jpg,False,0,0,0,0
159,20210822_134143.jpg,False,0,0,0,0
160,20210822_134147.jpg,False,0,0,0,0
161,20210822_193517.jpg,True,1760,5013,2425,4347
162,20210822_193518.jpg,True,1833,5235,2499,4569
163,20210822_193552.jpg,False,0,0,0,0
164,20210822_193553.jpg,True,468,1895,736,1627
165,20210822_193554.jpg,True,737,1925,960,1702
166,20210822_193555.jpg,True,514,1777,737,1554
167,20210822_193556.jpg,False,0,0,0,0
168,20210822_193559.jpg,True,201,1508,468,1241
169,20210822_193600.jpg,True,201,1716,468,1449
170,20210822_193602.jpg,False,0,0,0,0
171,20210822_193606.jpg,True,990,1525,1311,1204
172,20210823_123239.jpg,False,0,0,0,0
173,20210823_123240.jpg,False,0,0,0,0
174,20210823_123258.jpg,False,0,0,0,0
175,20210823_123344.jpg,False,0,0,0,0
176,20210823_123347.jpg,False,0,0,0,0
177,20210823_123423_01.jpg,False,0,0,0,0
178,20210823_123423_02.jpg,False,0,0,0,0
179,20210823_123423_04.jpg,False,0,0,0,0
180,20210823_123423_05.jpg,False,0,0,0,0
181,20210823_123423_06.jpg,False,0,0,0,0
182,20210823_123423_07.jpg,False,0,0,0,0
183,20210823_123423_08.jpg,False,0,0,0,0
184,20210823_123423_10.jpg,False,0,0,0,0
185,20210823_123435_02.jpg,False,0,0,0,0
186,20210823_123435_03.jpg,False,0,0,0,0
187,20210823_123435_05.jpg,False,0,0,0,0
188,20210823_123435_06.jpg,False,0,0,0,0
189,20210823_123435_07.jpg,False,0,0,0,0
190,20210823_123435_10.jpg,False,0,0,0,0
191,20210823_123435_11.jpg,False,0,0,0,0
192,20210823_123435_13.jpg,False,0,0,0,0
193,20210823_123527.jpg,False,0,0,0,0
194,20210823_123557.jpg,False,0,0,0,0
195,20210823_123811.jpg,False,0,0,0,0
196,20210823_123848.jpg,False,0,0,0,0
197,20210823_124112.jpg,False,0,0,0,0
198,20210823_124115.jpg,False,0,0,0,0
199,20210823_124122.jpg,False,0,0,0,0
200,20210823_124130.jpg,False,0,0,0,0
201,20210823_124141.jpg,False,0,0,0,0
202,20210823_124307.jpg,False,0,0,0,0
203,20210823_124310.jpg,False,0,0,0,0
204,20210823_124312.jpg,False,0,0,0,0
205,20210823_124337.jpg,False,0,0,0,0
206,20210823_124339.jpg,False,0,0,0,0
207,20210823_124401_01.jpg,False,0,0,0,0
208,20210823_124401_02.jpg,False,0,0,0,0
209,20210823_124401_03.jpg,False,0,0,0,0
210,20210823_124401_04.jpg,False,0,0,0,0
211,20210825_132703.jpg,False,0,0,0,0
212,20210825_132717.jpg,False,0,0,0,0
213,20210825_132720.jpg,False,0,0,0,0
214,20210825_222425.jpg,False,0,0,0,0
215,20210825_222427.jpg,False,0,0,0,0
216,20210826_195318.jpg,False,0,0,0,0
217,20210826_195324.jpg,False,0,0,0,0
218,20210826_195328.jpg,False,0,0,0,0
219,20210826_200606.jpg,True,4417,8404,5797,7023
220,20210826_200610.jpg,True,2730,7483,4110,6103
221,20210826_200612.jpg,True,5644,9324,7024,7943
222,20210826_200625.jpg,False,0,0,0,0
223,20210826_200626.jpg,False,0,0,0,0
224,20210826_201332.jpg,False,0,0,0,0
225,20210826_201333.jpg,False,0,0,0,0
226,20210826_201334.jpg,False,0,0,0,0
227,20210826_201335.jpg,False,0,0,0,0
228,20210826_201336.jpg,False,0,0,0,0
229,20210826_201342.jpg,True,603,2377,1402,1579
230,20210826_2013420.jpg,True,405,2427,1363,1469
231,20210826_201425.jpg,False,0,0,0,0
232,20210826_201433.jpg,False,0,0,0,0
233,20210826_201434.jpg,False,0,0,0,0
234,20210826_201445.jpg,False,0,0,0,0
235,20210826_201453.jpg,False,0,0,0,0
236,20210826_201458.jpg,False,0,0,0,0
237,20210826_203619.jpg,False,0,0,0,0
238,20210826_203635.jpg,False,0,0,0,0
239,20210826_203643.jpg,False,0,0,0,0
240,20210826_203655.jpg,False,0,0,0,0
241,20210826_211102.jpg,False,0,0,0,0
242,20210826_211124.jpg,False,0,0,0,0
243,20210826_211136.jpg,False,0,0,0,0
244,20210826_211140.jpg,False,0,0,0,0
245,20210826_211145.jpg,False,0,0,0,0
246,20210826_211150.jpg,False,0,0,0,0
247,20210827_115729.jpg,False,0,0,0,0
248,20210827_115743.jpg,False,0,0,0,0
249,20210827_115756.jpg,False,0,0,0,0
250,20210827_115801.jpg,False,0,0,0,0
251,20210827_115848.jpg,True,4329,5051,4515,4865
252,20210827_115850.jpg,True,4143,5216,4329,5030
253,20210827_115859.jpg,False,0,0,0,0
254,20210827_115900.jpg,False,0,0,0,0
255,20210827_120544.jpg,True,3122,4867,3584,4405
256,20210827_120604.jpg,True,3371,4355,3757,3970
257,20210827_120611.jpg,False,0,0,0,0
258,20210827_120621.jpg,True,3885,4954,4270,4569
259,20210827_120623.jpg,False,0,0,0,0
260,20210827_120639.jpg,True,4611,4046,5073,3583
261,20210827_120642.jpg,True,4399,4013,4784,3628
262,20210827_120731.jpg,False,0,0,0,0
263,20210827_120738.jpg,False,0,0,0,0
264,20210827_120740.jpg,False,0,0,0,0
265,20210827_121926.jpg,False,0,0,0,0
266,20210827_122841.jpg,False,0,0,0,0
267,20210827_122858.jpg,False,0,0,0,0
268,20210827_123138.jpg,False,0,0,0,0
269,20210827_123147.jpg,False,0,0,0,0
270,20210827_123212.jpg,True,1168,2055,1833,1389
271,20210827_123323.jpg,False,0,0,0,0
272,20210827_123352.jpg,False,0,0,0,0
273,20210827_123356.jpg,False,0,0,0,0
274,20210827_123401.jpg,False,0,0,0,0
275,20210827_123427.jpg,False,0,0,0,0
276,20210827_123438.jpg,False,0,0,0,0
277,20210827_123515.jpg,True,4239,5410,4794,4855
278,20210827_124442.jpg,False,0,0,0,0
279,20210827_124449.jpg,False,0,0,0,0
280,20210827_130113.jpg,False,0,0,0,0
281,20210827_130116.jpg,False,0,0,0,0
282,20210827_130154.jpg,False,0,0,0,0
283,20210827_130157.jpg,False,0,0,0,0
284,20210827_130405.jpg,False,0,0,0,0
285,20210827_130416.jpg,False,0,0,0,0
286,20210827_130419.jpg,False,0,0,0,0
287,20210827_130426.jpg,False,0,0,0,0
288,20210827_130428.jpg,False,0,0,0,0
289,20210827_130512.jpg,False,0,0,0,0
290,20210827_130516.jpg,False,0,0,0,0
291,20210827_130544.jpg,True,869,1124,2019,0
292,20210827_130602.jpg,False,0,0,0,0
293,20210827_130605.jpg,False,0,0,0,0
294,20210827_130615.jpg,False,0,0,0,0
295,20210827_130645.jpg,False,0,0,0,0
296,20210827_132122.jpg,False,0,0,0,0
297,20210827_142338.jpg,False,0,0,0,0
298,20210827_142346.jpg,False,0,0,0,0
299,20210827_142458.jpg,False,0,0,0,0
300,20210827_142502.jpg,False,0,0,0,0
301,20210827_142507.jpg,False,0,0,0,0
302,20210827_142508.jpg,False,0,0,0,0
303,20210827_142509.jpg,False,0,0,0,0
304,20210827_142536.jpg,False,0,0,0,0
305,20210827_142538.jpg,False,0,0,0,0
306,20210827_152132.jpg,False,0,0,0,0
307,20210827_152134.jpg,False,0,0,0,0
308,20210827_152155.jpg,False,0,0,0,0
309,20210827_152158.jpg,False,0,0,0,0
310,20210827_152220.jpg,False,0,0,0,0
311,20210827_152224.jpg,False,0,0,0,0
312,20210827_152230.jpg,False,0,0,0,0
313,20210827_152844.jpg,False,0,0,0,0
314,20210827_152847.jpg,False,0,0,0,0
315,20210827_152854.jpg,False,0,0,0,0
316,20210827_153012.jpg,False,0,0,0,0
317,20210827_153019.jpg,False,0,0,0,0
318,20210827_153023.jpg,False,0,0,0,0
319,20210827_153227.jpg,True,3584,3840,4046,3378
320,20210827_153242.jpg,True,4527,3114,4912,2729
321,20210827_153243.jpg,False,0,0,0,0
322,20210827_153319.jpg,True,4917,3931,5472,3376
323,20210827_153322.jpg,False,0,0,0,0
324,20210827_153604.jpg,True,2371,7304,2638,7036
325,20210827_153605.jpg,True,3173,7898,3440,7631
326,20210827_154014.jpg,False,0,0,0,0
327,20210827_154016.jpg,False,0,0,0,0
328,20210827_154019.jpg,False,0,0,0,0
329,20210827_154025.jpg,False,0,0,0,0
330,20210827_154031.jpg,False,0,0,0,0
331,20210827_154429.jpg,False,0,0,0,0
332,20210827_154433.jpg,False,0,0,0,0
333,20210827_154447.jpg,False,0,0,0,0
334,20210827_154455.jpg,False,0,0,0,0
335,20210827_154509.jpg,True,3671,4355,4056,3970
336,20210827_155701.jpg,False,0,0,0,0
337,20210827_155758.jpg,False,0,0,0,0
338,20210827_155818.jpg,False,0,0,0,0
339,20210827_161137.jpg,False,0,0,0,0
340,20210827_161140.jpg,True,6044,9223,8428,6838
341,20210827_161142.jpg,False,0,0,0,0
342,20210827_161145.jpg,False,0,0,0,0
343,20210827_162023.jpg,False,0,0,0,0
344,20210827_162630.jpg,False,0,0,0,0
345,20210827_162639.jpg,False,0,0,0,0
346,20210827_162826.jpg,False,0,0,0,0
347,20210827_162831.jpg,False,0,0,0,0
348,20210827_170143.jpg,True,6493,2794,7158,2129
349,20210827_170150.jpg,False,0,0,0,0
350,20210827_170207.jpg,False,0,0,0,0
351,20210827_170210.jpg,False,0,0,0,0
352,20210827_170226.jpg,False,0,0,0,0
353,20210827_170236.jpg,False,0,0,0,0
354,20210827_170253.jpg,False,0,0,0,0
355,20210827_170312.jpg,False,0,0,0,0
356,20210827_172305.jpg,False,0,0,0,0
357,20210827_172313.jpg,False,0,0,0,0
358,20210827_173213.jpg,False,0,0,0,0
359,20210827_173217.jpg,False,0,0,0,0
360,20210827_204214.jpg,False,0,0,0,0
361,20210827_210237.jpg,False,0,0,0,0
362,20210827_210246.jpg,False,0,0,0,0
363,20210827_210250.jpg,False,0,0,0,0
364,20210827_213136.jpg,False,0,0,0,0
365,20210827_213144.jpg,False,0,0,0,0
366,20210827_213150.jpg,False,0,0,0,0
367,20210827_213201.jpg,False,0,0,0,0
368,20210828_142122.jpg,False,0,0,0,0
369,20210828_201533.jpg,False,0,0,0,0
370,20210828_201637.jpg,False,0,0,0,0
371,20210828_201653.jpg,False,0,0,0,0
372,20210828_201703.jpg,False,0,0,0,0
373,20210829_123832.jpg,False,0,0,0,0
374,20210829_124053.jpg,True,869,1380,2019,230
375,20210829_124106.jpg,False,0,0,0,0
376,20210829_124422.jpg,False,0,0,0,0
377,20210829_124428.jpg,False,0,0,0,0
378,20210829_124435.jpg,False,0,0,0,0
379,20210829_124450.jpg,False,0,0,0,0
380,20210829_124453.jpg,False,0,0,0,0
381,20210829_124659.jpg,False,0,0,0,0
382,20210829_124718.jpg,False,0,0,0,0
383,20210829_131433.jpg,False,0,0,0,0
384,20210829_131436.jpg,False,0,0,0,0
385,20210829_131440.jpg,False,0,0,0,0
386,20210829_131444.jpg,False,0,0,0,0
387,20210829_131504.jpg,False,0,0,0,0
388,20210829_132625.jpg,False,0,0,0,0
389,20210829_132629.jpg,False,0,0,0,0
390,20210829_132634.jpg,False,0,0,0,0
391,20210829_132758.jpg,False,0,0,0,0
392,20210829_132803.jpg,False,0,0,0,0
393,20210829_193450.jpg,False,0,0,0,0
394,20210830_124358.jpg,True,3842,7266,4227,6880
395,20210830_124400.jpg,True,3799,7266,4185,6880
396,20210830_124406.jpg,True,3842,7308,4227,6923
397,20210830_124457_01.jpg,True,343,2289,450,2182
398,20210830_124457_02.jpg,False,0,0,0,0
399,20210830_124457_03.jpg,True,343,1226,450,1118
400,20210830_124457_04.jpg,False,0,0,0,0
401,20210830_124516.jpg,True,350,6947,617,6680
402,20210830_124525.jpg,True,724,7897,1390,7232
403,20210830_124530.jpg,True,426,7170,1224,6371
404,20210830_124753.jpg,False,0,0,0,0
405,20210830_124803.jpg,False,0,0,0,0
406,20210830_124806.jpg,False,0,0,0,0
407,20210830_124829.jpg,False,0,0,0,0
408,20210830_124845.jpg,False,0,0,0,0
409,20210830_124909.jpg,False,0,0,0,0
410,20210830_125313.jpg,True,3091,4865,3756,4199
411,20210830_125316.jpg,False,0,0,0,0
412,20210830_125936.jpg,False,0,0,0,0
413,20210830_125941.jpg,False,0,0,0,0
414,20210830_125947.jpg,False,0,0,0,0
415,20210830_125954.jpg,False,0,0,0,0
416,20210830_160954.jpg,False,0,0,0,0
417,20210830_160957.jpg,True,4808,5372,5075,5104
418,20210830_160959.jpg,True,5126,4954,5511,4569
419,20210830_161245.jpg,False,0,0,0,0
420,20210830_161255.jpg,False,0,0,0,0
421,20210830_161359.jpg,True,1192,2203,1377,2017
422,20210830_161430.jpg,False,0,0,0,0
423,20210830_161440.jpg,False,0,0,0,0
424,20210830_162235.jpg,False,0,0,0,0
425,20210830_162252.jpg,False,0,0,0,0
426,20210830_162549.jpg,False,0,0,0,0
427,20210830_162551.jpg,False,0,0,0,0
428,20210831_122453.jpg,False,0,0,0,0
429,20210831_122545.jpg,False,0,0,0,0
430,20210831_122555.jpg,False,0,0,0,0
431,20210831_122657.jpg,True,7007,6794,7966,5835
432,20210831_122700.jpg,True,6155,6368,7114,5409
433,20210831_122716.jpg,True,2206,2328,2760,1774
434,20210831_122726.jpg,True,1774,2143,2329,1589
435,20210831_122736.jpg,True,4664,8178,5623,7220
436,20210831_122937.jpg,True,5484,5412,5805,5091
437,20210831_123003.jpg,True,2100,902,2286,716
438,20210831_1230030.jpg,True,1955,1067,2141,882
439,20210831_123005.jpg,True,1790,1171,1976,985
440,20210831_123008.jpg,False,0,0,0,0
441,20210831_123101.jpg,False,0,0,0,0
442,20210831_123114.jpg,False,0,0,0,0
443,20210831_123141.jpg,False,0,0,0,0
444,20210831_123149.jpg,False,0,0,0,0
445,20210831_123216.jpg,False,0,0,0,0
446,20210831_124127.jpg,False,0,0,0,0
447,20210831_124216.jpg,False,0,0,0,0
448,20210831_124219.jpg,False,0,0,0,0
449,20210831_124507.jpg,False,0,0,0,0
450,20210831_124905.jpg,False,0,0,0,0
451,20210831_124907.jpg,False,0,0,0,0
452,20210831_130610.jpg,False,0,0,0,0
453,20210831_130745.jpg,False,0,0,0,0
454,20210831_130851.jpg,False,0,0,0,0
455,20210831_131338.jpg,False,0,0,0,0
456,20210831_131341.jpg,False,0,0,0,0
457,20210831_131630.jpg,False,0,0,0,0
458,20210831_131652.jpg,False,0,0,0,0
459,20210831_131757.jpg,True,3378,3275,3841,2813
460,20210831_131759.jpg,True,3789,3891,4251,3429
461,20210831_131802.jpg,True,3995,4097,4457,3635
462,20210831_131858.jpg,False,0,0,0,0
463,20210831_131901.jpg,False,0,0,0,0
464,20210831_132004.jpg,False,0,0,0,0
465,20210831_132009.jpg,False,0,0,0,0
466,20210831_152913.jpg,False,0,0,0,0
467,20210831_153822.jpg,False,0,0,0,0
468,20210831_153909.jpg,False,0,0,0,0
469,20210831_153913.jpg,False,0,0,0,0
470,20210831_153949.jpg,True,5690,5145,5913,4922
471,20210831_153953.jpg,True,4898,5987,5121,5764
472,20210831_183550.jpg,False,0,0,0,0
473,20210901_122258.jpg,False,0,0,0,0
474,20210901_122307.jpg,False,0,0,0,0
475,20210901_125119_01.jpg,False,0,0,0,0
476,20210901_125119_02.jpg,False,0,0,0,0
477,20210901_125119_04.jpg,False,0,0,0,0
478,20210901_125137.jpg,False,0,0,0,0
479,20210901_125309.jpg,True,3143,7185,3411,6917
480,20210901_125313.jpg,False,0,0,0,0
481,20210901_125314.jpg,False,0,0,0,0
482,20210901_125315.jpg,False,0,0,0,0
483,20210901_125316.jpg,False,0,0,0,0
484,20210901_125317.jpg,False,0,0,0,0
485,20210901_125318.jpg,False,0,0,0,0
486,20210901_125320.jpg,False,0,0,0,0
487,20210901_125321.jpg,False,0,0,0,0
488,20210901_125322.jpg,False,0,0,0,0
489,20210901_125328.jpg,False,0,0,0,0
490,20210901_125538.jpg,False,0,0,0,0
491,20210901_125544.jpg,False,0,0,0,0
492,20210901_125556.jpg,False,0,0,0,0
493,20210901_125559.jpg,False,0,0,0,0
494,20210901_131702.jpg,False,0,0,0,0
495,20210901_131736.jpg,False,0,0,0,0
496,20210901_131756.jpg,False,0,0,0,0
497,20210901_131802.jpg,False,0,0,0,0
498,20210901_131807.jpg,True,4037,6238,4192,6083
499,20210901_132301.jpg,False,0,0,0,0
500,20210901_132303.jpg,False,0,0,0,0
501,20210901_132334.jpg,True,4238,4131,5197,3173
502,20210901_132337.jpg,True,4192,4319,5342,3169
503,20210901_132345.jpg,True,869,958,1668,159
504,20210901_132351.jpg,True,724,798,1390,132
505,20210901_132353.jpg,True,724,1019,1390,354
506,20210901_132356.jpg,True,692,1046,1491,248
507,20210901_132412.jpg,False,0,0,0,0
508,20210901_132413.jpg,False,0,0,0,0
509,20210901_132417.jpg,False,0,0,0,0
510,20210901_132419.jpg,False,0,0,0,0
511,20210901_132421.jpg,False,0,0,0,0
512,20210901_132424.jpg,False,0,0,0,0
513,20210901_132644.jpg,False,0,0,0,0
514,20210901_132645.jpg,False,0,0,0,0
515,20210901_132723.jpg,False,0,0,0,0
516,20210901_132728.jpg,False,0,0,0,0
517,20210902_183846.jpg,False,0,0,0,0
518,20210902_183921.jpg,False,0,0,0,0
519,20210902_195020.jpg,True,1094,3608,1760,2942
520,20210902_195033.jpg,False,0,0,0,0
521,20210902_212307.jpg,False,0,0,0,0
522,20210902_212313.jpg,False,0,0,0,0
523,20210903_105236.jpg,False,0,0,0,0
524,20210903_105241.jpg,False,0,0,0,0
525,20210903_105249.jpg,False,0,0,0,0
526,20210903_111513.jpg,False,0,0,0,0
527,20210903_111521.jpg,False,0,0,0,0
528,20210903_111529.jpg,False,0,0,0,0
529,20210903_111543.jpg,False,0,0,0,0
530,20210903_111551.jpg,False,0,0,0,0
531,20210903_112409.jpg,False,0,0,0,0
532,20210903_112440.jpg,False,0,0,0,0
533,20210903_112456.jpg,False,0,0,0,0
534,20210903_112529.jpg,False,0,0,0,0
535,20210903_112539.jpg,False,0,0,0,0
536,20210903_112542.jpg,False,0,0,0,0
537,20210903_112932.jpg,False,0,0,0,0
538,20210903_112949.jpg,False,0,0,0,0
539,20210903_113002.jpg,False,0,0,0,0
540,20210903_113012.jpg,False,0,0,0,0
541,20210903_113017.jpg,False,0,0,0,0
542,20210903_113223.jpg,False,0,0,0,0
543,20210903_113335.jpg,False,0,0,0,0
544,20210903_113404.jpg,False,0,0,0,0
545,20210903_113416.jpg,False,0,0,0,0
546,20210903_113457.jpg,False,0,0,0,0
547,20210903_113505.jpg,False,0,0,0,0
548,20210903_113506.jpg,False,0,0,0,0
549,20210903_113523.jpg,False,0,0,0,0
550,20210903_113524.jpg,False,0,0,0,0
551,20210903_113536.jpg,False,0,0,0,0
552,20210903_134611.jpg,False,0,0,0,0
553,20210903_134620.jpg,False,0,0,0,0
554,20210903_154053.jpg,False,0,0,0,0
555,20210903_154057.jpg,False,0,0,0,0
556,20210903_154200.jpg,False,0,0,0,0
557,20210903_154207.jpg,True,8808,4349,8993,4163
558,20210903_154209.jpg,False,0,0,0,0
559,20210903_154213.jpg,True,9034,4476,9257,4253
560,20210903_154435.jpg,False,0,0,0,0
561,20210903_154439.jpg,False,0,0,0,0
562,20210903_154446.jpg,False,0,0,0,0
563,20210903_154448.jpg,False,0,0,0,0
564,20210903_154453.jpg,False,0,0,0,0
565,20210903_154512.jpg,False,0,0,0,0
566,20210903_154558.jpg,False,0,0,0,0
567,20210903_154603.jpg,False,0,0,0,0
568,20210903_154633.jpg,True,1678,1479,1901,1256
569,20210903_154636.jpg,True,2025,1749,2180,1594
570,20210903_154708.jpg,False,0,0,0,0
571,20210903_154719.jpg,False,0,0,0,0
572,20210903_154726.jpg,False,0,0,0,0
573,20210903_154728.jpg,False,0,0,0,0
574,20210903_154730.jpg,False,0,0,0,0
575,20210903_154749.jpg,False,0,0,0,0
576,20210903_154754.jpg,False,0,0,0,0
577,20210903_154758.jpg,False,0,0,0,0
578,20210903_154805.jpg,False,0,0,0,0
579,20210903_155028.jpg,False,0,0,0,0
580,20210903_155045.jpg,False,0,0,0,0
581,20210903_155119.jpg,True,1684,2402,2146,1940
582,20210903_155145.jpg,False,0,0,0,0
583,20210903_155149.jpg,False,0,0,0,0
584,20210903_155341.jpg,False,0,0,0,0
585,20210903_155345.jpg,False,0,0,0,0
586,20210903_155410.jpg,False,0,0,0,0
587,20210903_155413.jpg,False,0,0,0,0
588,20210903_155519.jpg,False,0,0,0,0
589,20210903_155521.jpg,False,0,0,0,0
590,20210903_155553.jpg,False,0,0,0,0
591,20210903_155559.jpg,False,0,0,0,0
592,20210903_155601.jpg,False,0,0,0,0
593,20210903_194357.jpg,False,0,0,0,0
594,20210903_194528.jpg,False,0,0,0,0
595,20210903_194544.jpg,False,0,0,0,0
596,20210903_194739.jpg,False,0,0,0,0
597,20210903_195112.jpg,False,0,0,0,0
598,20210903_195116.jpg,False,0,0,0,0
599,20210903_195144.jpg,False,0,0,0,0
600,20210903_195151.jpg,False,0,0,0,0
601,20210903_195233.jpg,False,0,0,0,0
602,20210903_195242.jpg,False,0,0,0,0
603,20210903_195315.jpg,False,0,0,0,0
604,20210903_195330.jpg,False,0,0,0,0
605,20210903_195336.jpg,False,0,0,0,0
606,20210903_195442.jpg,False,0,0,0,0
607,20210903_195447.jpg,False,0,0,0,0
608,20210903_195507.jpg,False,0,0,0,0
609,20210903_195537.jpg,False,0,0,0,0
610,20210903_195540.jpg,False,0,0,0,0
611,20210903_195742.jpg,False,0,0,0,0
612,20210903_195802.jpg,False,0,0,0,0
613,20210903_195835.jpg,False,0,0,0,0
614,20210903_200012.jpg,False,0,0,0,0
615,20210903_200030.jpg,False,0,0,0,0
616,20210903_200034.jpg,False,0,0,0,0
617,20210903_200104.jpg,False,0,0,0,0
618,20210903_200124.jpg,False,0,0,0,0
619,20210903_200243.jpg,False,0,0,0,0
620,20210903_200253.jpg,False,0,0,0,0
621,20210903_200300.jpg,False,0,0,0,0
622,20210903_200305.jpg,False,0,0,0,0
623,20210903_200312.jpg,False,0,0,0,0
624,20210903_200317.jpg,False,0,0,0,0
625,20210903_200615.jpg,False,0,0,0,0
626,20210903_201335.jpg,False,0,0,0,0
627,20210903_201351.jpg,False,0,0,0,0
628,20210903_201359.jpg,False,0,0,0,0
629,20210903_201438.jpg,False,0,0,0,0
630,20210903_201650.jpg,True,8463,5381,8925,4919
631,20210903_201721.jpg,True,8309,5021,8771,4559
632,20210903_201728.jpg,True,8411,5586,8874,5124
633,20210903_202144.jpg,True,1786,5997,2249,5535
634,20210903_202148.jpg,True,2608,6203,3070,5740
635,20210903_202153.jpg,True,5279,4713,5741,4251
636,20210903_202155.jpg,True,4655,5254,5041,4869
637,20210903_202218.jpg,True,99,2452,420,2131
638,20210903_202220.jpg,True,468,2311,736,2043
639,20210903_202232.jpg,True,914,2132,1182,1865
640,20210903_202415.jpg,False,0,0,0,0
641,20210903_202454.jpg,False,0,0,0,0
642,20210903_202543.jpg,False,0,0,0,0
643,20210903_202553.jpg,False,0,0,0,0
644,20210903_202554.jpg,False,0,0,0,0
645,20210903_202624.jpg,False,0,0,0,0
646,20210903_202641.jpg,True,3192,5533,3746,4978
647,20210903_202642.jpg,True,3414,5211,3799,4826
648,20210903_202643.jpg,True,3841,4970,4303,4508
649,20210903_202644.jpg,True,3635,4970,4097,4508
650,20210903_202645.jpg,True,3738,4765,4200,4302
651,20210903_202646.jpg,True,3481,4405,3943,3943
652,20210903_202647.jpg,True,3276,4610,3738,4148
653,20210903_202724.jpg,False,0,0,0,0
654,20210903_203602.jpg,False,0,0,0,0
655,20210903_231332.jpg,False,0,0,0,0
656,20210903_231344.jpg,False,0,0,0,0
657,20210903_233535.jpg,False,0,0,0,0
658,20210903_233536.jpg,False,0,0,0,0
659,20210903_233553.jpg,False,0,0,0,0
660,20210903_233640.jpg,False,0,0,0,0
661,20210903_233743.jpg,False,0,0,0,0
662,20210903_233813.jpg,False,0,0,0,0
663,20210903_233847.jpg,False,0,0,0,0
664,20210904_101533.jpg,True,613,3169,1764,2019
665,20210904_111400.jpg,False,0,0,0,0
666,20210904_111553.jpg,False,0,0,0,0
667,20210904_113400.jpg,False,0,0,0,0
668,20210904_113424.jpg,False,0,0,0,0
669,20210904_113432.jpg,False,0,0,0,0
670,20210904_113638.jpg,False,0,0,0,0
671,20210904_113705.jpg,False,0,0,0,0
672,20210904_113714.jpg,False,0,0,0,0
673,20210904_114045.jpg,False,0,0,0,0
674,20210904_114057.jpg,False,0,0,0,0
675,20210904_114103.jpg,False,0,0,0,0
676,20210904_114212.jpg,False,0,0,0,0
677,20210904_114216.jpg,False,0,0,0,0
678,20210904_114249.jpg,False,0,0,0,0
679,20210904_114254.jpg,False,0,0,0,0
680,20210904_114310.jpg,False,0,0,0,0
681,20210904_114355.jpg,False,0,0,0,0
682,20210904_114419.jpg,False,0,0,0,0
683,20210904_114528.jpg,False,0,0,0,0
684,20210904_114534.jpg,False,0,0,0,0
685,20210904_114558.jpg,False,0,0,0,0
686,20210904_114615.jpg,False,0,0,0,0
687,20210904_114728.jpg,False,0,0,0,0
688,20210904_114808.jpg,False,0,0,0,0
689,20210904_114822.jpg,False,0,0,0,0
690,20210904_114840.jpg,False,0,0,0,0
691,20210904_114923.jpg,False,0,0,0,0
692,20210904_115147_01.jpg,False,0,0,0,0
693,20210904_115147_03.jpg,False,0,0,0,0
694,20210904_115147_04.jpg,False,0,0,0,0
695,20210904_115147_05.jpg,False,0,0,0,0
696,20210904_115335.jpg,False,0,0,0,0
697,20210904_115349.jpg,False,0,0,0,0
698,20210904_120239.jpg,False,0,0,0,0
699,20210904_120243.jpg,False,0,0,0,0
700,20210904_120616.jpg,False,0,0,0,0
701,20210904_120816.jpg,False,0,0,0,0
702,20210904_121022.jpg,False,0,0,0,0
703,20210904_121219.jpg,False,0,0,0,0
704,20210904_121344.jpg,False,0,0,0,0
705,20210904_121347.jpg,False,0,0,0,0
706,20210904_121409.jpg,True,3493,3279,4451,2321
707,20210904_121855.jpg,False,0,0,0,0
708,20210904_121900.jpg,False,0,0,0,0
709,20210904_122657.jpg,False,0,0,0,0
710,20210904_123353.jpg,False,0,0,0,0
711,20210904_123548.jpg,False,0,0,0,0
712,20210904_125254.jpg,False,0,0,0,0
713,20210904_125309.jpg,False,0,0,0,0
714,20210904_125421.jpg,False,0,0,0,0
715,20210904_125424.jpg,False,0,0,0,0
716,20210904_132114.jpg,False,0,0,0,0
717,20210904_132127.jpg,False,0,0,0,0
718,20210904_134314.jpg,False,0,0,0,0
719,20210904_134319.jpg,False,0,0,0,0
720,20210904_164111.jpg,False,0,0,0,0
721,20210904_164122.jpg,False,0,0,0,0
722,20210904_164134.jpg,False,0,0,0,0
723,20210904_164140.jpg,False,0,0,0,0
724,20210904_164156.jpg,False,0,0,0,0
725,20210904_164208.jpg,False,0,0,0,0
726,20210904_164305.jpg,False,0,0,0,0
727,20210904_164325.jpg,False,0,0,0,0
728,20210904_164346.jpg,False,0,0,0,0
729,20210904_164410.jpg,False,0,0,0,0
730,20210904_164425.jpg,False,0,0,0,0
731,20210904_164434.jpg,False,0,0,0,0
732,20210904_164822.jpg,False,0,0,0,0
733,20210904_164838.jpg,False,0,0,0,0
734,20210904_164843.jpg,False,0,0,0,0
735,20210904_164905.jpg,False,0,0,0,0
736,20210904_164907.jpg,False,0,0,0,0
737,20210904_164910.jpg,False,0,0,0,0
738,20210904_164936.jpg,False,0,0,0,0
739,20210904_164944.jpg,False,0,0,0,0
740,20210904_165024.jpg,False,0,0,0,0
741,20210904_165133.jpg,False,0,0,0,0
742,20210904_165150.jpg,False,0,0,0,0
743,20210904_165200.jpg,False,0,0,0,0
744,20210904_214820.jpg,False,0,0,0,0
745,20210904_214833.jpg,False,0,0,0,0
746,20210904_221038.jpg,False,0,0,0,0
747,20210904_221106.jpg,False,0,0,0,0
748,20210904_221309.jpg,False,0,0,0,0
749,20210904_221317.jpg,False,0,0,0,0
750,20210904_222732.jpg,False,0,0,0,0
751,20210905_105036.jpg,False,0,0,0,0
752,20210905_105040.jpg,False,0,0,0,0
753,20210905_105042.jpg,False,0,0,0,0
754,20210905_105053.jpg,False,0,0,0,0
755,20210905_105101.jpg,False,0,0,0,0
756,20210905_105106.jpg,False,0,0,0,0
757,20210905_105126.jpg,False,0,0,0,0
758,20210905_105136.jpg,False,0,0,0,0
759,20210905_105555.jpg,True,6581,5040,6966,4655
760,20210905_105605.jpg,True,7009,4698,7394,4313
761,20210905_105641.jpg,True,7553,5163,7874,4842
762,20210905_105643.jpg,False,0,0,0,0
763,20210905_115123.jpg,False,0,0,0,0
764,20210905_115126.jpg,False,0,0,0,0
765,20210905_115136.jpg,False,0,0,0,0
766,20210905_115138.jpg,False,0,0,0,0
767,20210905_115203.jpg,False,0,0,0,0
768,20210905_115228.jpg,False,0,0,0,0
769,20210905_115231.jpg,False,0,0,0,0
770,20210905_115233.jpg,False,0,0,0,0
771,20210905_153735.jpg,False,0,0,0,0
772,20210905_153750.jpg,False,0,0,0,0
773,20210905_155021.jpg,False,0,0,0,0
774,20210905_155714.jpg,False,0,0,0,0
775,20210905_155720.jpg,False,0,0,0,0
776,20210905_155814.jpg,False,0,0,0,0
777,20210905_155823.jpg,False,0,0,0,0
778,20210906_000100.jpg,False,0,0,0,0
779,20210906_000128.jpg,False,0,0,0,0
780,20210906_000135.jpg,False,0,0,0,0
781,20210906_000136.jpg,False,0,0,0,0
782,20210906_183854.jpg,False,0,0,0,0
783,20210906_213752.jpg,False,0,0,0,0
784,20210906_213810.jpg,False,0,0,0,0
785,20210906_213920.jpg,False,0,0,0,0
786,20210906_223012.jpg,False,0,0,0,0
787,20210906_223016.jpg,False,0,0,0,0
788,20210906_223018.jpg,False,0,0,0,0
789,20210906_223020.jpg,False,0,0,0,0
790,20210907_212333.jpg,False,0,0,0,0
791,20210915_130109.jpg,False,0,0,0,0
792,20210915_130116.jpg,False,0,0,0,0
793,20210915_130126.jpg,False,0,0,0,0
794,20210919_152320.jpg,False,0,0,0,0
795,20210919_152334.jpg,False,0,0,0,0
796,20210919_152335.jpg,False,0,0,0,0
797,20210919_152336.jpg,False,0,0,0,0
798,20210919_153446.jpg,False,0,0,0,0
799,20211006_151753.jpg,False,0,0,0,0
800,20211021_134351.jpg,False,0,0,0,0
801,20211101_132433.jpg,False,0,0,0,0
802,20211101_142656.jpg,False,0,0,0,0
803,20211107_134510.jpg,False,0,0,0,0
804,20211107_134518.jpg,False,0,0,0,0
805,20211117_172931.jpg,False,0,0,0,0
806,20211117_172940.jpg,False,0,0,0,0
807,20211117_172958.jpg,False,0,0,0,0
808,20211120_210641.jpg,True,1376,810,1838,348
809,20211120_210652.jpg,True,1242,576,1907,0
810,20211120_210701.jpg,False,0,0,0,0
811,20211120_210726.jpg,True,1835,7940,5269,4505
812,20211120_210728.jpg,True,1835,8321,5269,4887
813,20211120_210815.jpg,False,0,0,0,0
814,20211120_210824.jpg,False,0,0,0,0
815,20211120_210827.jpg,False,0,0,0,0
816,20211120_210830.jpg,False,0,0,0,0
817,20211120_210935.jpg,False,0,0,0,0
818,20211120_210944.jpg,False,0,0,0,0
819,20211120_210957.jpg,False,0,0,0,0
820,20211120_210959.jpg,False,0,0,0,0
821,20211120_211001.jpg,False,0,0,0,0
822,20211120_211003.jpg,False,0,0,0,0
823,20211120_211009.jpg,False,0,0,0,0
824,20211120_211012.jpg,False,0,0,0,0
825,20211120_211101.jpg,False,0,0,0,0
826,20211120_211110.jpg,False,0,0,0,0
827,20211120_212027.jpg,False,0,0,0,0
828,20211120_212044.jpg,False,0,0,0,0
829,20211120_212255.jpg,False,0,0,0,0
830,20211120_212311.jpg,False,0,0,0,0
831,20211120_212348.jpg,False,0,0,0,0
832,20211120_212355.jpg,False,0,0,0,0
833,20211120_213614.jpg,False,0,0,0,0
834,20211120_214437.jpg,False,0,0,0,0
835,20211120_214454.jpg,False,0,0,0,0
836,20211120_220413.jpg,False,0,0,0,0
837,20211120_220417.jpg,False,0,0,0,0
838,20211120_221737.jpg,False,0,0,0,0
839,20211120_222715.jpg,False,0,0,0,0
840,20211120_223613.jpg,False,0,0,0,0
841,20211127_133002.jpg,False,0,0,0,0
842,20211128_075353.jpg,True,2215,2427,3173,1469
843,20211214_113114.jpg,False,0,0,0,0
844,20211214_113119.jpg,False,0,0,0,0
845,20211214_113126.jpg,False,0,0,0,0
846,20211214_113141.jpg,False,0,0,0,0
847,20211216_225637.jpg,False,0,0,0,0
848,20211216_225640.jpg,False,0,0,0,0
849,20211224_121321.jpg,False,0,0,0,0
850,20211229_192406.jpg,False,0,0,0,0
851,20211229_192408.jpg,False,0,0,0,0
852,20211229_192409.jpg,False,0,0,0,0
853,20211229_192410.jpg,False,0,0,0,0
854,20211229_192413.jpg,False,0,0,0,0
855,20211229_192414.jpg,False,0,0,0,0
856,20211230_113244.jpg,False,0,0,0,0
857,20211230_113305.jpg,False,0,0,0,0
858,20211231_112135.jpg,False,0,0,0,0
859,20211231_205340.jpg,False,0,0,0,0
860,20211231_205347.jpg,False,0,0,0,0
861,20211231_205406.jpg,False,0,0,0,0
862,20211231_205409.jpg,False,0,0,0,0
863,20211231_235738.jpg,False,0,0,0,0
864,20211231_235820.jpg,False,0,0,0,0
865,20211231_235834.jpg,False,0,0,0,0
866,20211231_235848.jpg,False,0,0,0,0
867,20211231_235928.jpg,False,0,0,0,0
868,20211231_235930.jpg,False,0,0,0,0
869,20211231_235931.jpg,False,0,0,0,0
870,20220101_000253.jpg,True,634,2452,955,2131
871,20220101_000302.jpg,True,647,2251,914,1984
872,20220101_000311.jpg,True,885,2251,1152,1984
873,20220101_000352.jpg,True,1182,2816,1449,2548
874,20220101_000408.jpg,False,0,0,0,0
875,20220101_000537.jpg,True,1404,7443,1959,6889
876,20220101_000541.jpg,True,3995,6100,4457,5638
877,20220101_000542.jpg,False,0,0,0,0
878,20220101_000547.jpg,True,4406,6870,4868,6408
879,20220101_000549.jpg,True,4303,6819,4765,6357
880,20220101_0005490.jpg,True,3687,6203,4149,5740
881,20220101_000551.jpg,True,4441,5768,4827,5382
882,20220101_0005510.jpg,True,4097,5894,4560,5432
883,20220101_000552.jpg,True,3746,6581,4301,6026
884,20220101_000555.jpg,True,2351,6788,3017,6122
885,20220121_175540.jpg,False,0,0,0,0
886,20220129_165547.jpg,False,0,0,0,0
887,20220129_165613.jpg,False,0,0,0,0
888,20220206_125345.jpg,False,0,0,0,0
889,20220206_125410.jpg,False,0,0,0,0
890,20220206_125506.jpg,False,0,0,0,0
891,20220206_125520.jpg,False,0,0,0,0
892,20220206_125531.jpg,False,0,0,0,0
893,20220206_125535.jpg,False,0,0,0,0
894,20220206_125556.jpg,False,0,0,0,0
895,20220206_125619.jpg,False,0,0,0,0
896,20220206_131008.jpg,False,0,0,0,0
897,20220206_131016.jpg,False,0,0,0,0
898,20220220_134553.jpg,False,0,0,0,0
899,20220220_134556.jpg,False,0,0,0,0
900,20220402_211915.jpg,False,0,0,0,0
901,20220404_165734.jpg,False,0,0,0,0
902,20220418_210658.jpg,False,0,0,0,0
903,20220418_210659.jpg,False,0,0,0,0
904,20220418_210707.jpg,False,0,0,0,0
905,20220418_210709.jpg,False,0,0,0,0
906,20220420_212516.jpg,False,0,0,0,0
907,20220508_164153.jpg,True,958,3176,1757,2377
908,20220508_164326.jpg,False,0,0,0,0
909,20220512_154201.jpg,False,0,0,0,0
910,20220513_210018.jpg,False,0,0,0,0
911,20220513_210021.jpg,False,0,0,0,0
912,20220513_210023.jpg,False,0,0,0,0
913,20220513_210025.jpg,False,0,0,0,0
914,20220513_210028.jpg,False,0,0,0,0
915,20220513_210031.jpg,False,0,0,0,0
916,20220513_210130.jpg,False,0,0,0,0
917,20220513_210136.jpg,False,0,0,0,0
918,20220513_210138.jpg,False,0,0,0,0
919,20220516_201841.jpg,False,0,0,0,0
920,20220517_081905_001.jpg,False,0,0,0,0
921,20220520_092634.jpg,False,0,0,0,0
922,20220521_172316.jpg,False,0,0,0,0
923,20220521_172319.jpg,False,0,0,0,0
924,20220521_172320.jpg,False,0,0,0,0
925,20220521_173555.jpg,False,0,0,0,0
926,20220610_181402.jpg,False,0,0,0,0
927,20220610_215351.jpg,False,0,0,0,0
928,20220622_220417.jpg,False,0,0,0,0
929,20220622_220425.jpg,False,0,0,0,0
930,20220622_220430.jpg,False,0,0,0,0
931,20220623_101206.jpg,False,0,0,0,0
932,20220623_234656.jpg,False,0,0,0,0
933,20220623_234659.jpg,False,0,0,0,0
934,20220623_234705.jpg,False,0,0,0,0
935,20220624_221309.jpg,False,0,0,0,0
936,20220625_113954.jpg,False,0,0,0,0
937,20220625_114009.jpg,False,0,0,0,0
938,20220625_114012.jpg,False,0,0,0,0
939,20220625_114013.jpg,False,0,0,0,0
940,20220625_114028.jpg,False,0,0,0,0
941,20220625_114036.jpg,False,0,0,0,0
942,20220709_234654.jpg,False,0,0,0,0
943,20220709_234708.jpg,False,0,0,0,0
944,20220709_234730.jpg,False,0,0,0,0
945,20220709_234806.jpg,False,0,0,0,0
946,20220709_234841.jpg,False,0,0,0,0
947,20220713_221605.jpg,False,0,0,0,0
948,20220717_143833.jpg,False,0,0,0,0
949,20220717_143840.jpg,False,0,0,0,0
950,20220723_140528.jpg,True,776,3344,1097,3023
951,20220723_140529.jpg,True,776,3344,1097,3023
952,20220723_140530.jpg,False,0,0,0,0
953,20220724_160732.jpg,False,0,0,0,0
954,20220728_215403.jpg,False,0,0,0,0
955,20220731_132019.jpg,True,1256,1149,2215,191
956,20220731_132043.jpg,True,1313,1224,2112,425
957,20220731_141841.jpg,False,0,0,0,0
958,20220731_141842.jpg,False,0,0,0,0
959,20220806_153347.jpg,False,0,0,0,0
960,20220806_153352.jpg,False,0,0,0,0
961,20220806_153355.jpg,False,0,0,0,0
962,20220806_153400.jpg,False,0,0,0,0
963,20220806_153427.jpg,False,0,0,0,0
964,20220806_153431.jpg,False,0,0,0,0
965,20220806_153434.jpg,False,0,0,0,0
966,20220806_153436.jpg,False,0,0,0,0
967,20220806_153437.jpg,False,0,0,0,0
968,20220806_153439.jpg,False,0,0,0,0
969,20220806_153441.jpg,False,0,0,0,0
970,20220806_153442.jpg,False,0,0,0,0
971,20220806_153443.jpg,False,0,0,0,0
972,20220806_153445.jpg,False,0,0,0,0
973,20220816_182603.jpg,False,0,0,0,0
974,20220816_182608.jpg,False,0,0,0,0
975,20220816_182611.jpg,False,0,0,0,0
976,20220816_182612.jpg,False,0,0,0,0
977,20220816_182613.jpg,False,0,0,0,0
978,20220818_192555.jpg,False,0,0,0,0
979,20220818_215740.jpg,False,0,0,0,0
980,20220818_215906.jpg,False,0,0,0,0
981,20220818_215917.jpg,True,1316,1611,1981,946
982,20220818_215931.jpg,False,0,0,0,0
983,20220818_215957.jpg,False,0,0,0,0
984,20220818_220012.jpg,False,0,0,0,0
985,20220818_224331.jpg,False,0,0,0,0
986,20220818_224347.jpg,False,0,0,0,0
987,20220819_122504.jpg,False,0,0,0,0
988,20220819_122510.jpg,False,0,0,0,0
989,20220819_122550.jpg,False,0,0,0,0
990,20220819_122555.jpg,False,0,0,0,0
991,20220819_122606.jpg,False,0,0,0,0
992,20220819_123706.jpg,False,0,0,0,0
993,20220819_123716.jpg,False,0,0,0,0
994,20220819_123721.jpg,False,0,0,0,0
995,20220819_123723.jpg,False,0,0,0,0
996,20220819_1237230.jpg,False,0,0,0,0
997,20220819_123724.jpg,False,0,0,0,0
998,20220819_123726.jpg,False,0,0,0,0
999,20220819_123727.jpg,False,0,0,0,0
1000,20220819_123728.jpg,False,0,0,0,0
1001,20220819_123737.jpg,False,0,0,0,0
1002,20220819_123738.jpg,False,0,0,0,0
1003,20220819_123818.jpg,False,0,0,0,0
1004,20220819_123834.jpg,False,0,0,0,0
1005,20220819_123849.jpg,False,0,0,0,0
1006,20220819_153041.jpg,False,0,0,0,0
1007,20220819_153053.jpg,False,0,0,0,0
1008,20220820_131001.jpg,False,0,0,0,0
1009,20220820_131021.jpg,False,0,0,0,0
1010,20220820_131023.jpg,False,0,0,0,0
1011,20220820_131029.jpg,False,0,0,0,0
1012,20220820_131036.jpg,False,0,0,0,0
1013,20220820_131055.jpg,False,0,0,0,0
1014,20220820_131111.jpg,False,0,0,0,0
1015,20220820_131114.jpg,False,0,0,0,0
1016,20220820_134148.jpg,False,0,0,0,0
1017,20220820_134225.jpg,False,0,0,0,0
1018,20220820_134255.jpg,False,0,0,0,0
1019,20220820_134609.jpg,False,0,0,0,0
1020,20220820_134638.jpg,False,0,0,0,0
1021,20220820_134652.jpg,False,0,0,0,0
1022,20220820_134713.jpg,False,0,0,0,0
1023,20220820_134734.jpg,False,0,0,0,0
1024,20220820_134809.jpg,False,0,0,0,0
1025,20220820_142952.jpg,False,0,0,0,0
1026,20220820_151954.jpg,False,0,0,0,0
1027,20220820_200642.jpg,False,0,0,0,0
1028,20220821_112608.jpg,False,0,0,0,0
1029,20220821_112611.jpg,False,0,0,0,0
1030,20220821_125418.jpg,False,0,0,0,0
1031,20220821_125440.jpg,False,0,0,0,0
1032,20220821_125449.jpg,False,0,0,0,0
1033,20220821_125619.jpg,False,0,0,0,0
1034,20220821_125626.jpg,False,0,0,0,0
1035,20220821_125752.jpg,False,0,0,0,0
1036,20220821_125822.jpg,False,0,0,0,0
1037,20220821_130255.jpg,False,0,0,0,0
1038,20220821_130318.jpg,False,0,0,0,0
1039,20220821_130320.jpg,False,0,0,0,0
1040,20220821_130332.jpg,False,0,0,0,0
1041,20220821_130432.jpg,False,0,0,0,0
1042,20220821_130435.jpg,False,0,0,0,0
1043,20220821_130800.jpg,False,0,0,0,0
1044,20220821_130842.jpg,False,0,0,0,0
1045,20220821_130919.jpg,False,0,0,0,0
1046,20220821_130947.jpg,False,0,0,0,0
1047,20220821_130952.jpg,False,0,0,0,0
1048,20220821_131541.jpg,False,0,0,0,0
1049,20220821_135339.jpg,False,0,0,0,0
1050,20220821_135345.jpg,False,0,0,0,0
1051,20220821_135350.jpg,False,0,0,0,0
1052,20220821_135400.jpg,False,0,0,0,0
1053,20220821_135431.jpg,False,0,0,0,0
1054,20220821_135434.jpg,True,605,913,1067,451
1055,20220821_135440.jpg,False,0,0,0,0
1056,20220821_135441.jpg,True,605,1016,1067,553
1057,20220821_135443.jpg,False,0,0,0,0
1058,20220821_135513.jpg,True,242,1975,464,1752
1059,20220821_135515.jpg,False,0,0,0,0
1060,20220821_135516.jpg,True,139,1810,325,1625
1061,20220821_135518.jpg,True,160,2058,345,1872
1062,20220821_135522.jpg,True,1356,786,1579,563
1063,20220821_135523.jpg,True,1307,588,1529,365
1064,20220821_135530.jpg,True,320,735,587,468
1065,20220821_135531.jpg,True,498,854,766,587
1066,20220821_135633.jpg,False,0,0,0,0
1067,20220821_135641.jpg,False,0,0,0,0
1068,20220821_135644.jpg,False,0,0,0,0
1069,20220821_195822.jpg,False,0,0,0,0
1070,20220821_195827.jpg,False,0,0,0,0
1071,20220822_130855.jpg,False,0,0,0,0
1072,20220822_130900.jpg,False,0,0,0,0
1073,20220822_130905.jpg,False,0,0,0,0
1074,20220822_130913.jpg,False,0,0,0,0
1075,20220822_130958.jpg,True,718,1531,1103,1146
1076,20220822_131005.jpg,True,542,1712,1096,1157
1077,20220822_154051.jpg,False,0,0,0,0
1078,20220822_154110.jpg,False,0,0,0,0
1079,20220822_154128.jpg,False,0,0,0,0
1080,20220823_104041.jpg,True,71,2111,869,1313
1081,20220823_104046.jpg,False,0,0,0,0
1082,20220823_113745.jpg,True,102,3424,1252,2274
1083,20220823_113811.jpg,False,0,0,0,0
1084,20220823_115132.jpg,True,693,1917,783,1828
1085,20220823_115146.jpg,False,0,0,0,0
1086,20220823_115149.jpg,False,0,0,0,0
1087,20220823_115156.jpg,True,139,1748,325,1563
1088,20220823_115212.jpg,False,0,0,0,0
1089,20220823_115216.jpg,False,0,0,0,0
1090,20220823_115220.jpg,False,0,0,0,0
1091,20220823_115235.jpg,False,0,0,0,0
1092,20220823_115836.jpg,False,0,0,0,0
1093,20220823_115848.jpg,False,0,0,0,0
1094,20220823_115850.jpg,False,0,0,0,0
1095,20220823_115852.jpg,False,0,0,0,0
1096,20220823_120627.jpg,False,0,0,0,0
1097,20220823_120629.jpg,False,0,0,0,0
1098,20220823_120701.jpg,False,0,0,0,0
1099,20220823_120708.jpg,False,0,0,0,0
1100,20220823_120726.jpg,False,0,0,0,0
1101,20220823_120730.jpg,False,0,0,0,0
1102,20220823_120800.jpg,False,0,0,0,0
1103,20220823_121702.jpg,False,0,0,0,0
1104,20220823_122247.jpg,False,0,0,0,0
1105,20220823_122254.jpg,False,0,0,0,0
1106,20220823_122302.jpg,False,0,0,0,0
1107,20220823_122306.jpg,False,0,0,0,0
1108,20220823_122308.jpg,False,0,0,0,0
1109,20220823_122851.jpg,False,0,0,0,0
1110,20220823_122858.jpg,False,0,0,0,0
1111,20220823_122914.jpg,False,0,0,0,0
1112,20220823_122917.jpg,False,0,0,0,0
1113,20220823_122933.jpg,False,0,0,0,0
1114,20220823_122937.jpg,False,0,0,0,0
1115,20220823_122950.jpg,False,0,0,0,0
1116,20220823_122952.jpg,True,1811,1168,2132,847
1117,20220823_122954.jpg,True,1525,1026,1846,705
1118,20220823_122955.jpg,True,1632,1204,1953,883
1119,20220823_124750.jpg,False,0,0,0,0
1120,20220823_124928.jpg,False,0,0,0,0
1121,20220823_124932.jpg,False,0,0,0,0
1122,20220823_144322.jpg,False,0,0,0,0
1123,20220823_190209.jpg,False,0,0,0,0
1124,20220823_190224.jpg,True,1068,1563,1254,1377
1125,20220823_190230.jpg,False,0,0,0,0
1126,20220823_190536.jpg,False,0,0,0,0
1127,20220823_190842.jpg,True,400,2762,862,2299
1128,20220823_190852.jpg,True,923,2326,1109,2141
1129,20220823_190855.jpg,True,861,2297,1084,2074
1130,20220823_190925.jpg,False,0,0,0,0
1131,20220823_190935.jpg,False,0,0,0,0
1132,20220823_191122.jpg,False,0,0,0,0
1133,20220823_191127.jpg,False,0,0,0,0
1134,20220823_191144.jpg,False,0,0,0,0
1135,20220823_191147.jpg,False,0,0,0,0
1136,20220823_191229.jpg,False,0,0,0,0
1137,20220823_191233.jpg,False,0,0,0,0
1138,20220823_191237.jpg,False,0,0,0,0
1139,20220823_191955.jpg,False,0,0,0,0
1140,20220823_191959.jpg,False,0,0,0,0
1141,20220824_113706.jpg,False,0,0,0,0
1142,20220824_135852.jpg,False,0,0,0,0
1143,20220824_135902.jpg,False,0,0,0,0
1144,20220824_135914.jpg,False,0,0,0,0
1145,20220824_135917.jpg,False,0,0,0,0
1146,20220825_105850.jpg,False,0,0,0,0
1147,20220825_105858.jpg,True,527,2345,848,2024
1148,20220825_112055.jpg,False,0,0,0,0
1149,20220825_124440.jpg,False,0,0,0,0
1150,20220825_125722.jpg,False,0,0,0,0
1151,20220825_125725.jpg,True,1234,717,1388,562
1152,20220825_125741.jpg,False,0,0,0,0
1153,20220825_125800.jpg,False,0,0,0,0
1154,20220825_125808.jpg,False,0,0,0,0
1155,20220825_125827.jpg,False,0,0,0,0
1156,20220825_125834.jpg,False,0,0,0,0
1157,20220825_125945.jpg,False,0,0,0,0
1158,20220825_125948.jpg,False,0,0,0,0
1159,20220825_130825.jpg,False,0,0,0,0
1160,20220825_130828.jpg,False,0,0,0,0
1161,20220825_130830.jpg,False,0,0,0,0
1162,20220825_132308.jpg,False,0,0,0,0
1163,20220825_132314.jpg,False,0,0,0,0
1164,20220825_132316.jpg,False,0,0,0,0
1165,20220825_133648.jpg,False,0,0,0,0
1166,20220825_133736.jpg,False,0,0,0,0
1167,20220825_133747.jpg,False,0,0,0,0
1168,20220825_175120.jpg,True,1836,603,2390,48
1169,20220825_175125.jpg,True,1589,541,2144,0
1170,20220825_175131.jpg,False,0,0,0,0
1171,20220825_175140.jpg,False,0,0,0,0
1172,20220825_175406.jpg,False,0,0,0,0
1173,20220826_200241.jpg,False,0,0,0,0
1174,20220826_200301.jpg,False,0,0,0,0
1175,20220826_202810.jpg,False,0,0,0,0
1176,20220826_202830.jpg,False,0,0,0,0
1177,20220826_202852.jpg,False,0,0,0,0
1178,20220826_202918.jpg,False,0,0,0,0
1179,20220826_202939.jpg,False,0,0,0,0
1180,20220826_202946.jpg,True,354,3164,1020,2499
1181,20220826_203021.jpg,False,0,0,0,0
1182,20220826_203026.jpg,True,337,1668,1136,869
1183,20220826_203030.jpg,True,248,1668,1047,869
1184,20220826_204002.jpg,False,0,0,0,0
1185,20220826_204011.jpg,False,0,0,0,0
1186,20220826_204026.jpg,False,0,0,0,0
1187,20220826_204033.jpg,False,0,0,0,0
1188,20220826_204036.jpg,False,0,0,0,0
1189,20220826_204218.jpg,False,0,0,0,0
1190,20220826_204224.jpg,False,0,0,0,0
1191,20220826_204227.jpg,False,0,0,0,0
1192,20220826_204739.jpg,False,0,0,0,0
1193,20220826_204808.jpg,False,0,0,0,0
1194,20220826_204811.jpg,False,0,0,0,0
1195,20220826_204815.jpg,False,0,0,0,0
1196,20220830_135707.jpg,False,0,0,0,0
1197,20220830_1357070.jpg,False,0,0,0,0
1198,20220830_135708.jpg,False,0,0,0,0
1199,20220830_135729.jpg,False,0,0,0,0
1200,20220830_135730.jpg,False,0,0,0,0
1201,20220830_135801.jpg,False,0,0,0,0
1202,20220830_135802.jpg,False,0,0,0,0
1203,20220830_1358020.jpg,False,0,0,0,0
1204,20220831_131231.jpg,False,0,0,0,0
1205,20220831_131233.jpg,False,0,0,0,0
1206,20220831_131242.jpg,False,0,0,0,0
1207,20220831_131244.jpg,False,0,0,0,0
1208,20220831_131245.jpg,False,0,0,0,0
1209,20220831_131246.jpg,False,0,0,0,0
1210,20220831_131306.jpg,False,0,0,0,0
1211,20220831_131313.jpg,False,0,0,0,0
1212,20220831_131314.jpg,False,0,0,0,0
1213,20220831_131316.jpg,False,0,0,0,0
1214,20220831_131320.jpg,False,0,0,0,0
1215,20220831_131327.jpg,False,0,0,0,0
1216,20220831_131329.jpg,False,0,0,0,0
1217,20220831_141934.jpg,False,0,0,0,0
1218,20220831_141938.jpg,False,0,0,0,0
1219,20220831_143520.jpg,True,741,3023,1062,2702
1220,20220831_143523.jpg,True,590,3328,975,2943
1221,20220831_143525.jpg,True,632,3328,1018,2943
1222,20220831_150807.jpg,False,0,0,0,0
1223,20220831_150818.jpg,False,0,0,0,0
1224,20220831_150907.jpg,False,0,0,0,0
1225,20220831_150916.jpg,False,0,0,0,0
1226,20220831_151847.jpg,False,0,0,0,0
1227,20220901_103318.jpg,False,0,0,0,0
1228,20220901_103321.jpg,False,0,0,0,0
1229,20220901_103323.jpg,False,0,0,0,0
1230,20220902_205222.jpg,False,0,0,0,0
1231,20220903_133622_03.jpg,False,0,0,0,0
1232,20220903_133622_05.jpg,False,0,0,0,0
1233,20220903_133622_06.jpg,False,0,0,0,0
1234,20220903_133622_07.jpg,False,0,0,0,0
1235,20220903_133622_08.jpg,False,0,0,0,0
1236,20220903_133622_09.jpg,False,0,0,0,0
1237,20220903_133622_11.jpg,False,0,0,0,0
1238,20220903_133703.jpg,False,0,0,0,0
1239,20220903_223205.jpg,False,0,0,0,0
1240,20220903_223211.jpg,False,0,0,0,0
1241,20220903_223216.jpg,False,0,0,0,0
1242,20220903_223304.jpg,False,0,0,0,0
1243,20220903_224922.jpg,False,0,0,0,0
1244,20220903_224926.jpg,False,0,0,0,0
1245,20220903_224938.jpg,False,0,0,0,0
1246,20220903_224940.jpg,False,0,0,0,0
1247,20220903_225024.jpg,False,0,0,0,0
1248,20220903_225035.jpg,False,0,0,0,0
1249,20220903_225101.jpg,False,0,0,0,0
1250,20220903_225123.jpg,False,0,0,0,0
1251,20220903_225206.jpg,False,0,0,0,0
1252,20220903_225208.jpg,False,0,0,0,0
1253,20220903_225218.jpg,False,0,0,0,0
1254,20220903_231453.jpg,False,0,0,0,0
1255,20220903_231503.jpg,True,514,2466,1313,1668
1256,20220903_231514.jpg,True,337,2289,1136,1490
1257,20220903_231520.jpg,False,0,0,0,0
1258,20220903_231529.jpg,False,0,0,0,0
1259,20220903_231535.jpg,False,0,0,0,0
1260,20220904_133641.jpg,True,650,2720,1316,2055
1261,20220904_133645.jpg,True,603,2732,1402,1934
1262,20220917_141425.jpg,False,0,0,0,0
1263,20220918_155413.jpg,False,0,0,0,0
1264,20220918_155415.jpg,False,0,0,0,0
1265,20220918_155416.jpg,False,0,0,0,0
1266,20220918_155418.jpg,False,0,0,0,0
1267,20220918_155419.jpg,False,0,0,0,0
1268,20220918_155420.jpg,False,0,0,0,0
1269,20220918_1554200.jpg,False,0,0,0,0
1270,20220918_155421.jpg,False,0,0,0,0
1271,20220918_155544.jpg,False,0,0,0,0
1272,20220918_155545.jpg,False,0,0,0,0
1273,20220918_1555450.jpg,False,0,0,0,0
1274,20220924_174023.jpg,False,0,0,0,0
1275,20220925_145100.jpg,False,0,0,0,0
1276,20221001_123151.jpg,False,0,0,0,0
1277,20221001_123154.jpg,False,0,0,0,0
1278,20221001_123200.jpg,False,0,0,0,0
1279,20221014_140230.jpg,False,0,0,0,0
1280,20221022_104027.jpg,False,0,0,0,0
1281,20221025_163337.jpg,False,0,0,0,0
1282,20221025_163400.jpg,False,0,0,0,0
1283,20221027_092630.jpg,False,0,0,0,0
1284,20221027_092633.jpg,False,0,0,0,0
1285,20221028_184835.jpg,True,1443,669,1572,540
1286,20221028_184837.jpg,True,1458,655,1587,526
1287,20221028_184839.jpg,True,1457,683,1612,528
1288,20221028_185612.jpg,False,0,0,0,0
1289,20221110_210236.jpg,False,0,0,0,0
1290,20221120_180953.jpg,False,0,0,0,0
1291,20221120_180955.jpg,False,0,0,0,0
1292,20221120_180958.jpg,False,0,0,0,0
1293,20221120_181000.jpg,False,0,0,0,0
1294,20221120_181011.jpg,False,0,0,0,0
1295,20221120_181016.jpg,False,0,0,0,0
1296,20221120_181027.jpg,False,0,0,0,0
1297,20221123_081043.jpg,False,0,0,0,0
1298,20221201_184813.jpg,False,0,0,0,0
1299,20221203_134718.jpg,False,0,0,0,0
1300,20221205_115113.jpg,False,0,0,0,0
1301,20221205_115124.jpg,False,0,0,0,0
1302,20221205_115127.jpg,False,0,0,0,0
1303,20221205_115132.jpg,False,0,0,0,0
1304,20221205_115139.jpg,False,0,0,0,0
1305,20221205_115216.jpg,False,0,0,0,0
1306,20221205_115222.jpg,False,0,0,0,0
1307,20221217_113631.jpg,False,0,0,0,0
1308,20221217_113916.jpg,False,0,0,0,0
1309,20221219_180530.jpg,False,0,0,0,0
1310,20221222_221743.jpg,False,0,0,0,0
1311,20221223_011340.jpg,False,0,0,0,0
1312,20221228_143102.jpg,False,0,0,0,0
1313,20221228_143114.jpg,False,0,0,0,0
1314,20221228_150827.jpg,False,0,0,0,0
1315,20230101_000449.jpg,True,407,2430,593,2244
1316,20230101_000456.jpg,True,428,2409,614,2223
1317,20230101_000504.jpg,False,0,0,0,0
1318,20230101_000514.jpg,True,407,2409,593,2223
1319,20230101_000522.jpg,True,407,2388,593,2203
1320,20230101_000528.jpg,False,0,0,0,0
1321,20230101_001110.jpg,True,365,1975,588,1752
1322,20230101_001115.jpg,True,201,1538,468,1270
1323,20230101_180220.jpg,False,0,0,0,0
1324,20230101_180222.jpg,False,0,0,0,0
1325,20230101_180224.jpg,False,0,0,0,0
1326,20230101_180229.jpg,False,0,0,0,0
1327,20230101_180233.jpg,False,0,0,0,0
1328,20230101_180235.jpg,False,0,0,0,0
1329,20230102_153054.jpg,False,0,0,0,0
1330,20230106_175958.jpg,False,0,0,0,0
1331,20230106_180004.jpg,False,0,0,0,0
1332,20230106_180045.jpg,False,0,0,0,0
1333,20230106_180048.jpg,False,0,0,0,0
1334,20230111_132353.jpg,False,0,0,0,0
1335,20230112_075408.jpg,False,0,0,0,0
1336,20230113_193039.jpg,False,0,0,0,0
1337,20230113_193040.jpg,False,0,0,0,0
1338,20230113_193129.jpg,False,0,0,0,0
1339,20230120_102102.jpg,False,0,0,0,0
1340,20230123_085953.jpg,False,0,0,0,0
1341,20230127_085316.jpg,False,0,0,0,0
1342,20230207_201733.jpg,False,0,0,0,0
1343,20230216_185146.jpg,False,0,0,0,0
1344,20230217_160137.jpg,False,0,0,0,0
1345,20230217_160443.jpg,False,0,0,0,0
1346,20230217_160445.jpg,False,0,0,0,0
1347,20230217_160448.jpg,False,0,0,0,0
1348,20230217_160450.jpg,False,0,0,0,0
1349,20230217_160452.jpg,False,0,0,0,0
1350,20230218_114444.jpg,False,0,0,0,0
1351,20230218_114503.jpg,False,0,0,0,0
1352,20230218_114512.jpg,False,0,0,0,0
1353,20230225_221557.jpg,False,0,0,0,0
1354,20230305_135648.jpg,False,0,0,0,0
1355,20230305_135650.jpg,False,0,0,0,0
1356,20230305_135731.jpg,False,0,0,0,0
1357,20230305_135732.jpg,False,0,0,0,0
1358,20230305_135733.jpg,False,0,0,0,0
1359,20230305_140200.jpg,False,0,0,0,0
1360,IMG_20180505_212946_BURST001_COVER.jpg,False,0,0,0,0
1361,IMG_20180505_212946_BURST002.jpg,False,0,0,0,0
1362,IMG_20180505_212946_BURST003.jpg,False,0,0,0,0
1363,IMG_20180822_173932.jpg,False,0,0,0,0
1364,IMG_20180824_195613.jpg,False,0,0,0,0
